205,270444982254; 20,3773688700466
190,459569461094; 21,2853041372539
190,459569461094; 21,2853041372539
204,836798637752; 14,630621825559
204,836798637752; 14,630621825559
205,270444982254; 20,3773688700466
205,270444982254; 20,3773688700466
204,836798637752; 14,630621825559
204,836798637752; 14,630621825559
204,836798637752; 14,630621825559
204,836798637752; 14,630621825559
95,2803420519963; 12,1660208509638
95,2803420519963; 12,1660208509638
95,2803420519963; 12,1660208509638
95,2803420519963; 12,1660208509638
94,7458768771722; 11,882044430195
122,228096799527; 9,70141987636867
122,228096799527; 9,70141987636867
115,929812414952; 9,95128702873528
0,0872595452593337; 0,00117104912121917
0,0872595452593337; 0,00117104912121917
0,0872595452593337; 0,00117104912121917
0,0872595452593337; 0,00117104912121917
0,0872595452593337; 0,00117104912121917
0,0872595452593337; 0,00117104912121917
0,0872595452593337; 0,00117104912121917
0,0872595452592963; 0,00117104912121854
0,0872595452592963; 0,00117104912121854
0,0872595452592963; 0,00117104912121854
0,0872595452592963; 0,00117104912121854
0,0872595452592963; 0,00117104912121854
0,0872595452592963; 0,00117104912121854
0,0872595452592963; 0,00117104912121854
0,0872595452592963; 0,00117104912121854
0,0872595452592963; 0,00117104912121854
0,0872595452592963; 0,00117104912121854
0,0872595452592963; 0,00117104912121854
0,0872595452592963; 0,00117104912121854
0,0872595452592963; 0,00117104912121854
0,0872595452592963; 0,00117104912121854
0,0872595452592584; 0,00117104912121917
0,0872595452592584; 0,00117104912121917
0,0872595452592584; 0,00117104912121917
0,0872595452592584; 0,00117104912121917
0,0872595452592584; 0,00117104912121917
0,0872595452592584; 0,00117104912121917
0,0872595452592584; 0,00117104912121917
0,0872595452592584; 0,00117104912121917
0,0872595452592584; 0,00117104912121917
0,0872595452592584; 0,00117104912121917
0,087259545259186; 0,00117104912121854
0,087259545259186; 0,00117104912121854
0,087259545259186; 0,00117104912121854
0,087259545259186; 0,00117104912121854
0,087259545259186; 0,00117104912121854
0,087259545259186; 0,00117104912121854
0,0872595452591425; 0,00117104912121917
0,087259545259186; 0,00117104912121854
0,087259545259186; 0,00117104912121854
0,087259545259186; 0,00117104912121854
0,087259545259186; 0,00117104912121854
0,087259545259186; 0,00117104912121854
0,087259545259186; 0,00117104912121854
0,087259545259186; 0,00117104912121854
0,087259545259186; 0,00117104912121854
0,087259545259186; 0,00117104912121854
0,087259545259186; 0,00117104912121854
0,087259545259186; 0,00117104912121854
0,087259545259186; 0,00117104912121854
0,087259545259186; 0,00117104912121854
0,087259545259186; 0,00117104912121854
0,087259545259186; 0,00117104912121854
0,087259545259186; 0,00117104912121854
0,087259545259186; 0,00117104912121854
0,087259545259186; 0,00117104912121854
0,087259545259186; 0,00117104912121854
0,087259545259186; 0,00117104912121854
0,087259545259186; 0,00117104912121854
0,087259545259186; 0,00117104912121854
0,087259545259186; 0,00117104912121854
0,087259545259186; 0,00117104912121854
0,087259545259186; 0,00117104912121854
0,087259545259186; 0,00117104912121854
0,087259545259186; 0,00117104912121854
0,087259545259186; 0,00117104912121854
0,087259545259186; 0,00117104912121854
0,087259545259186; 0,00117104912121854
0,087259545259186; 0,00117104912121854
0,087259545259186; 0,00117104912121854
0,087259545259186; 0,00117104912121854
0,087259545259186; 0,00117104912121854
0,087259545259186; 0,00117104912121854
0,087259545259186; 0,00117104912121854
0,087259545259186; 0,00117104912121854
0,087259545259186; 0,00117104912121854
0,087259545259186; 0,00117104912121854
0,087259545259186; 0,00117104912121854
0,087259545259186; 0,00117104912121854
0,087259545259186; 0,00117104912121854
0,087259545259186; 0,00117104912121854
0,087259545259186; 0,00117104912121854
0,087259545259186; 0,00117104912121854
0,087259545259186; 0,00117104912121854
0,087259545259186; 0,00117104912121854
0,087259545259186; 0,00117104912121854
0,087259545259186; 0,00117104912121854
0,087259545259186; 0,00117104912121854
0,087259545259186; 0,00117104912121854
0,087259545259186; 0,00117104912121854
0,087259545259186; 0,00117104912121854
0,087259545259186; 0,00117104912121854
0,087259545259186; 0,00117104912121854
0,087259545259186; 0,00117104912121854
0,087259545259186; 0,00117104912121854
0,087259545259186; 0,00117104912121854
0,087259545259186; 0,00117104912121854
0,087259545259186; 0,00117104912121854
0,087259545259186; 0,00117104912121854
0,087259545259186; 0,00117104912121854
0,087259545259186; 0,00117104912121854
0,087259545259186; 0,00117104912121854
0,087259545259186; 0,00117104912121854
0,087259545259186; 0,00117104912121854
0,087259545259186; 0,00117104912121854
0,087259545259186; 0,00117104912121854
0,087259545259186; 0,00117104912121854
0,087259545259186; 0,00117104912121854
0,087259545259186; 0,00117104912121854
0,087259545259186; 0,00117104912121854
0,087259545259186; 0,00117104912121854
0,087259545259186; 0,00117104912121854
0,087259545259186; 0,00117104912121854
0,087259545259186; 0,00117104912121854
0,087259545259186; 0,00117104912121854
0,087259545259186; 0,00117104912121854
0,087259545259186; 0,00117104912121854
0,087259545259186; 0,00117104912121854
0,087259545259186; 0,00117104912121854
0,087259545259186; 0,00117104912121854
0,087259545259186; 0,00117104912121854
0,087259545259186; 0,00117104912121854
0,087259545259186; 0,00117104912121854
0,087259545259186; 0,00117104912121854
0,087259545259186; 0,00117104912121854
0,087259545259186; 0,00117104912121854
0,087259545259186; 0,00117104912121854
0,087259545259186; 0,00117104912121854
0,087259545259186; 0,00117104912121854
0,087259545259186; 0,00117104912121854
0,087259545259186; 0,00117104912121854
0,087259545259186; 0,00117104912121854
0,087259545259186; 0,00117104912121854
0,087259545259186; 0,00117104912121854
0,087259545259186; 0,00117104912121854
0,087259545259186; 0,00117104912121854
0,087259545259186; 0,00117104912121854
0,087259545259186; 0,00117104912121854
0,087259545259186; 0,00117104912121854
0,087259545259186; 0,00117104912121854
0,087259545259186; 0,00117104912121854
0,087259545259186; 0,00117104912121854
0,087259545259186; 0,00117104912121854
0,087259545259186; 0,00117104912121854
0,087259545259186; 0,00117104912121854
0,087259545259186; 0,00117104912121854
0,087259545259186; 0,00117104912121854
0,087259545259186; 0,00117104912121854
0,087259545259186; 0,00117104912121854
0,087259545259186; 0,00117104912121854
0,087259545259186; 0,00117104912121854
0,087259545259186; 0,00117104912121854
0,087259545259186; 0,00117104912121854
0,087259545259186; 0,00117104912121854
0,087259545259186; 0,00117104912121854
0,087259545259186; 0,00117104912121854
0,087259545259186; 0,00117104912121854
0,087259545259186; 0,00117104912121854
0,087259545259186; 0,00117104912121854
0,087259545259186; 0,00117104912121854
0,087259545259186; 0,00117104912121854
0,087259545259186; 0,00117104912121854
0,087259545259186; 0,00117104912121854
0,087259545259186; 0,00117104912121854
0,087259545259186; 0,00117104912121854
0,087259545259186; 0,00117104912121854
0,087259545259186; 0,00117104912121854
0,087259545259186; 0,00117104912121854
0,087259545259186; 0,00117104912121854
0,087259545259186; 0,00117104912121854
0,087259545259186; 0,00117104912121854
0,087259545259186; 0,00117104912121854
0,087259545259186; 0,00117104912121854
0,087259545259186; 0,00117104912121854
0,087259545259186; 0,00117104912121854
0,087259545259186; 0,00117104912121854
0,087259545259186; 0,00117104912121854
0,087259545259186; 0,00117104912121854
0,087259545259186; 0,00117104912121854
0,087259545259186; 0,00117104912121854
0,087259545259186; 0,00117104912121854
0,087259545259186; 0,00117104912121854
0,087259545259186; 0,00117104912121854
0,087259545259186; 0,00117104912121854
0,087259545259186; 0,00117104912121854
0,087259545259186; 0,00117104912121854
0,087259545259186; 0,00117104912121854
0,087259545259186; 0,00117104912121854
0,087259545259186; 0,00117104912121854
0,087259545259186; 0,00117104912121854
0,087259545259186; 0,00117104912121854
0,087259545259186; 0,00117104912121854
0,087259545259186; 0,00117104912121854
0,087259545259186; 0,00117104912121854
0,087259545259186; 0,00117104912121854
0,087259545259186; 0,00117104912121854
0,087259545259186; 0,00117104912121854
0,087259545259186; 0,00117104912121854
0,087259545259186; 0,00117104912121854
0,087259545259186; 0,00117104912121854
0,087259545259186; 0,00117104912121854
0,087259545259186; 0,00117104912121854
0,087259545259186; 0,00117104912121854
0,087259545259186; 0,00117104912121854
0,087259545259186; 0,00117104912121854
0,087259545259186; 0,00117104912121854
0,087259545259186; 0,00117104912121854
0,087259545259186; 0,00117104912121854
0,087259545259186; 0,00117104912121854
0,087259545259186; 0,00117104912121854
0,087259545259186; 0,00117104912121854
0,087259545259186; 0,00117104912121854
0,087259545259186; 0,00117104912121854
0,087259545259186; 0,00117104912121854
0,087259545259186; 0,00117104912121854
0,087259545259186; 0,00117104912121854
0,087259545259186; 0,00117104912121854
0,087259545259186; 0,00117104912121854
0,087259545259186; 0,00117104912121854
0,087259545259186; 0,00117104912121854
0,087259545259186; 0,00117104912121854
0,087259545259186; 0,00117104912121854
0,087259545259186; 0,00117104912121854
0,087259545259186; 0,00117104912121854
0,087259545259186; 0,00117104912121854
0,087259545259186; 0,00117104912121854
0,087259545259186; 0,00117104912121854
0,087259545259186; 0,00117104912121854
0,087259545259186; 0,00117104912121854
0,087259545259186; 0,00117104912121854
0,087259545259186; 0,00117104912121854
0,087259545259186; 0,00117104912121854
0,087259545259186; 0,00117104912121854
0,087259545259186; 0,00117104912121854
0,087259545259186; 0,00117104912121854
0,087259545259186; 0,00117104912121854
0,087259545259186; 0,00117104912121854
0,087259545259186; 0,00117104912121854
0,087259545259186; 0,00117104912121854
0,087259545259186; 0,00117104912121854
0,087259545259186; 0,00117104912121854
0,087259545259186; 0,00117104912121854
0,087259545259186; 0,00117104912121854
0,087259545259186; 0,00117104912121854
0,087259545259186; 0,00117104912121854
0,087259545259186; 0,00117104912121854
0,087259545259186; 0,00117104912121854
0,087259545259186; 0,00117104912121854
0,087259545259186; 0,00117104912121854
0,087259545259186; 0,00117104912121854
0,087259545259186; 0,00117104912121854
0,087259545259186; 0,00117104912121854
0,087259545259186; 0,00117104912121854
0,087259545259186; 0,00117104912121854
0,087259545259186; 0,00117104912121854
0,087259545259186; 0,00117104912121854
0,087259545259186; 0,00117104912121854
0,087259545259186; 0,00117104912121854
0,087259545259186; 0,00117104912121854
0,087259545259186; 0,00117104912121854
0,087259545259186; 0,00117104912121854
0,087259545259186; 0,00117104912121854
0,087259545259186; 0,00117104912121854
0,087259545259186; 0,00117104912121854
0,087259545259186; 0,00117104912121854
0,087259545259186; 0,00117104912121854
0,087259545259186; 0,00117104912121854
0,087259545259186; 0,00117104912121854
0,087259545259186; 0,00117104912121854
0,087259545259186; 0,00117104912121854
0,087259545259186; 0,00117104912121854
0,087259545259186; 0,00117104912121854
0,087259545259186; 0,00117104912121854
0,087259545259186; 0,00117104912121854
0,087259545259186; 0,00117104912121854
0,087259545259186; 0,00117104912121854
0,087259545259186; 0,00117104912121854
0,087259545259186; 0,00117104912121854
0,087259545259186; 0,00117104912121854
0,087259545259186; 0,00117104912121854
0,087259545259186; 0,00117104912121854
0,087259545259186; 0,00117104912121854
0,087259545259186; 0,00117104912121854
0,087259545259186; 0,00117104912121854
0,087259545259186; 0,00117104912121854
0,087259545259186; 0,00117104912121854
0,087259545259186; 0,00117104912121854
0,087259545259186; 0,00117104912121854
0,087259545259186; 0,00117104912121854
0,087259545259186; 0,00117104912121854
0,087259545259186; 0,00117104912121854
0,087259545259186; 0,00117104912121854
0,087259545259186; 0,00117104912121854
0,087259545259186; 0,00117104912121854
0,087259545259186; 0,00117104912121854
0,087259545259186; 0,00117104912121854
0,087259545259186; 0,00117104912121854
0,087259545259186; 0,00117104912121854
0,087259545259186; 0,00117104912121854
0,087259545259186; 0,00117104912121854
0,087259545259186; 0,00117104912121854
0,087259545259186; 0,00117104912121854
0,087259545259186; 0,00117104912121854
0,087259545259186; 0,00117104912121854
0,087259545259186; 0,00117104912121854
0,087259545259186; 0,00117104912121854
0,087259545259186; 0,00117104912121854
0,087259545259186; 0,00117104912121854
0,087259545259186; 0,00117104912121854
0,087259545259186; 0,00117104912121854
0,087259545259186; 0,00117104912121854
0,087259545259186; 0,00117104912121854
0,087259545259186; 0,00117104912121854
0,087259545259186; 0,00117104912121854
0,087259545259186; 0,00117104912121854
0,087259545259186; 0,00117104912121854
0,087259545259186; 0,00117104912121854
0,087259545259186; 0,00117104912121854
0,087259545259186; 0,00117104912121854
0,087259545259186; 0,00117104912121854
0,087259545259186; 0,00117104912121854
0,087259545259186; 0,00117104912121854
0,087259545259186; 0,00117104912121854
0,087259545259186; 0,00117104912121854
0,087259545259186; 0,00117104912121854
0,087259545259186; 0,00117104912121854
0,087259545259186; 0,00117104912121854
0,087259545259186; 0,00117104912121854
0,087259545259186; 0,00117104912121854
0,087259545259186; 0,00117104912121854
0,087259545259186; 0,00117104912121854
0,087259545259186; 0,00117104912121854
0,087259545259186; 0,00117104912121854
0,087259545259186; 0,00117104912121854
0,087259545259186; 0,00117104912121854
0,087259545259186; 0,00117104912121854
0,087259545259186; 0,00117104912121854
0,087259545259186; 0,00117104912121854
0,087259545259186; 0,00117104912121854
0,087259545259186; 0,00117104912121854
0,087259545259186; 0,00117104912121854
0,087259545259186; 0,00117104912121854
0,087259545259186; 0,00117104912121854
0,087259545259186; 0,00117104912121854
0,087259545259186; 0,00117104912121854
0,087259545259186; 0,00117104912121854
0,087259545259186; 0,00117104912121854
0,087259545259186; 0,00117104912121854
0,087259545259186; 0,00117104912121854
0,087259545259186; 0,00117104912121854
0,087259545259186; 0,00117104912121854
0,087259545259186; 0,00117104912121854
0,087259545259186; 0,00117104912121854
0,087259545259186; 0,00117104912121854
0,087259545259186; 0,00117104912121854
0,087259545259186; 0,00117104912121854
0,087259545259186; 0,00117104912121854
0,087259545259186; 0,00117104912121854
0,087259545259186; 0,00117104912121854
0,087259545259186; 0,00117104912121854
0,087259545259186; 0,00117104912121854
0,087259545259186; 0,00117104912121854
0,087259545259186; 0,00117104912121854
0,087259545259186; 0,00117104912121854
0,087259545259186; 0,00117104912121854
0,087259545259186; 0,00117104912121854
0,087259545259186; 0,00117104912121854
0,087259545259186; 0,00117104912121854
0,087259545259186; 0,00117104912121854
0,087259545259186; 0,00117104912121854
0,087259545259186; 0,00117104912121854
0,087259545259186; 0,00117104912121854
0,087259545259186; 0,00117104912121854
0,087259545259186; 0,00117104912121854
0,087259545259186; 0,00117104912121854
0,087259545259186; 0,00117104912121854
0,087259545259186; 0,00117104912121854
0,087259545259186; 0,00117104912121854
0,087259545259186; 0,00117104912121854
0,087259545259186; 0,00117104912121854
0,087259545259186; 0,00117104912121854
0,087259545259186; 0,00117104912121854
0,087259545259186; 0,00117104912121854
0,087259545259186; 0,00117104912121854
0,087259545259186; 0,00117104912121854
0,087259545259186; 0,00117104912121854
0,087259545259186; 0,00117104912121854
0,087259545259186; 0,00117104912121854
0,087259545259186; 0,00117104912121854
0,087259545259186; 0,00117104912121854
0,087259545259186; 0,00117104912121854
0,087259545259186; 0,00117104912121854
0,087259545259186; 0,00117104912121854
0,087259545259186; 0,00117104912121854
0,087259545259186; 0,00117104912121854
0,087259545259186; 0,00117104912121854
0,087259545259186; 0,00117104912121854
0,087259545259186; 0,00117104912121854
0,087259545259186; 0,00117104912121854
0,087259545259186; 0,00117104912121854
0,087259545259186; 0,00117104912121854
0,087259545259186; 0,00117104912121854
0,087259545259186; 0,00117104912121854
0,087259545259186; 0,00117104912121854
0,087259545259186; 0,00117104912121854
0,087259545259186; 0,00117104912121854
0,087259545259186; 0,00117104912121854
0,087259545259186; 0,00117104912121854
0,087259545259186; 0,00117104912121854
0,087259545259186; 0,00117104912121854
0,087259545259186; 0,00117104912121854
0,087259545259186; 0,00117104912121854
0,087259545259186; 0,00117104912121854
0,087259545259186; 0,00117104912121854
0,087259545259186; 0,00117104912121854
0,087259545259186; 0,00117104912121854
0,087259545259186; 0,00117104912121854
0,087259545259186; 0,00117104912121854
0,087259545259186; 0,00117104912121854
0,087259545259186; 0,00117104912121854
0,087259545259186; 0,00117104912121854
0,087259545259186; 0,00117104912121854
0,087259545259186; 0,00117104912121854
0,087259545259186; 0,00117104912121854
0,087259545259186; 0,00117104912121854
0,087259545259186; 0,00117104912121854
0,087259545259186; 0,00117104912121854
0,087259545259186; 0,00117104912121854
0,087259545259186; 0,00117104912121854
0,087259545259186; 0,00117104912121854
0,087259545259186; 0,00117104912121854
0,087259545259186; 0,00117104912121854
0,087259545259186; 0,00117104912121854
0,087259545259186; 0,00117104912121854
0,087259545259186; 0,00117104912121854
0,087259545259186; 0,00117104912121854
0,087259545259186; 0,00117104912121854
0,087259545259186; 0,00117104912121854
0,087259545259186; 0,00117104912121854
0,087259545259186; 0,00117104912121854
0,087259545259186; 0,00117104912121854
0,087259545259186; 0,00117104912121854
0,087259545259186; 0,00117104912121854
0,087259545259186; 0,00117104912121854
0,087259545259186; 0,00117104912121854
0,087259545259186; 0,00117104912121854
0,087259545259186; 0,00117104912121854
0,087259545259186; 0,00117104912121854
0,087259545259186; 0,00117104912121854
0,087259545259186; 0,00117104912121854
0,087259545259186; 0,00117104912121854
0,087259545259186; 0,00117104912121854
0,087259545259186; 0,00117104912121854
0,087259545259186; 0,00117104912121854
0,087259545259186; 0,00117104912121854
0,087259545259186; 0,00117104912121854
0,087259545259186; 0,00117104912121854
0,087259545259186; 0,00117104912121854
0,087259545259186; 0,00117104912121854
0,087259545259186; 0,00117104912121854
0,087259545259186; 0,00117104912121854
0,087259545259186; 0,00117104912121854
0,087259545259186; 0,00117104912121854
0,087259545259186; 0,00117104912121854
0,087259545259186; 0,00117104912121854
0,087259545259186; 0,00117104912121854
0,087259545259186; 0,00117104912121854
0,087259545259186; 0,00117104912121854
0,087259545259186; 0,00117104912121854
0,087259545259186; 0,00117104912121854
0,087259545259186; 0,00117104912121854
0,087259545259186; 0,00117104912121854
0,087259545259186; 0,00117104912121854
0,087259545259186; 0,00117104912121854
0,087259545259186; 0,00117104912121854
0,0735832542426168; 0,00169930112115747
0,0735832542426168; 0,00169930112115747
0,0735832542426168; 0,00169930112115747
0,0735832542426168; 0,00169930112115747
0,087259545259186; 0,00117104912121854
0,087259545259186; 0,00117104912121854
0,087259545259186; 0,00117104912121854
0,087259545259186; 0,00117104912121854
0,087259545259186; 0,00117104912121854
0,087259545259186; 0,00117104912121854
0,087259545259186; 0,00117104912121854
0,087259545259186; 0,00117104912121854
0,087259545259186; 0,00117104912121854
0,087259545259186; 0,00117104912121854
0,087259545259186; 0,00117104912121854
0,087259545259186; 0,00117104912121854
0,087259545259186; 0,00117104912121854
0,087259545259186; 0,00117104912121854
0,087259545259186; 0,00117104912121854
0,087259545259186; 0,00117104912121854
0,087259545259186; 0,00117104912121854
0,087259545259186; 0,00117104912121854
0,087259545259186; 0,00117104912121854
0,087259545259186; 0,00117104912121854
0,087259545259186; 0,00117104912121854
0,087259545259186; 0,00117104912121854
0,087259545259186; 0,00117104912121854
0,087259545259186; 0,00117104912121854
0,087259545259186; 0,00117104912121854
0,087259545259186; 0,00117104912121854
0,087259545259186; 0,00117104912121854
0,087259545259186; 0,00117104912121854
0,087259545259186; 0,00117104912121854
0,087259545259186; 0,00117104912121854
0,087259545259186; 0,00117104912121854
0,087259545259186; 0,00117104912121854
0,087259545259186; 0,00117104912121854
0,087259545259186; 0,00117104912121854
0,087259545259186; 0,00117104912121854
0,087259545259186; 0,00117104912121854
0,087259545259186; 0,00117104912121854
0,087259545259186; 0,00117104912121854
0,087259545259186; 0,00117104912121854
0,087259545259186; 0,00117104912121854
0,087259545259186; 0,00117104912121854
0,087259545259186; 0,00117104912121854
0,087259545259186; 0,00117104912121854
0,087259545259186; 0,00117104912121854
0,087259545259186; 0,00117104912121854
0,087259545259186; 0,00117104912121854
0,087259545259186; 0,00117104912121854
0,087259545259186; 0,00117104912121854
0,087259545259186; 0,00117104912121854
0,087259545259186; 0,00117104912121854
0,087259545259186; 0,00117104912121854
0,087259545259186; 0,00117104912121854
0,087259545259186; 0,00117104912121854
0,087259545259186; 0,00117104912121854
0,087259545259186; 0,00117104912121854
0,087259545259186; 0,00117104912121854
0,087259545259186; 0,00117104912121854
0,087259545259186; 0,00117104912121854
0,087259545259186; 0,00117104912121854
0,087259545259186; 0,00117104912121854
0,087259545259186; 0,00117104912121854
0,087259545259186; 0,00117104912121854
0,087259545259186; 0,00117104912121854
0,087259545259186; 0,00117104912121854
0,087259545259186; 0,00117104912121854
0,087259545259186; 0,00117104912121854
0,087259545259186; 0,00117104912121854
0,087259545259186; 0,00117104912121854
0,087259545259186; 0,00117104912121854
0,087259545259186; 0,00117104912121854
0,087259545259186; 0,00117104912121854
0,087259545259186; 0,00117104912121854
0,087259545259186; 0,00117104912121854
0,087259545259186; 0,00117104912121854
0,087259545259186; 0,00117104912121854
0,087259545259186; 0,00117104912121854
0,087259545259186; 0,00117104912121854
0,087259545259186; 0,00117104912121854
0,087259545259186; 0,00117104912121854
0,087259545259186; 0,00117104912121854
0,087259545259186; 0,00117104912121854
0,087259545259186; 0,00117104912121854
0,087259545259186; 0,00117104912121854
0,087259545259186; 0,00117104912121854
0,087259545259186; 0,00117104912121854
0,087259545259186; 0,00117104912121854
0,087259545259186; 0,00117104912121854
0,087259545259186; 0,00117104912121854
0,087259545259186; 0,00117104912121854
0,087259545259186; 0,00117104912121854
0,087259545259186; 0,00117104912121854
0,087259545259186; 0,00117104912121854
0,087259545259186; 0,00117104912121854
0,087259545259186; 0,00117104912121854
0,087259545259186; 0,00117104912121854
0,087259545259186; 0,00117104912121854
0,087259545259186; 0,00117104912121854
0,087259545259186; 0,00117104912121854
0,087259545259186; 0,00117104912121854
0,087259545259186; 0,00117104912121854
0,087259545259186; 0,00117104912121854
0,087259545259186; 0,00117104912121854
0,087259545259186; 0,00117104912121854
0,087259545259186; 0,00117104912121854
0,087259545259186; 0,00117104912121854
0,087259545259186; 0,00117104912121854
0,087259545259186; 0,00117104912121854
0,087259545259186; 0,00117104912121854
0,087259545259186; 0,00117104912121854
0,087259545259186; 0,00117104912121854
0,087259545259186; 0,00117104912121854
0,087259545259186; 0,00117104912121854
0,087259545259186; 0,00117104912121854
0,087259545259186; 0,00117104912121854
0,087259545259186; 0,00117104912121854
0,087259545259186; 0,00117104912121854
0,087259545259186; 0,00117104912121854
0,087259545259186; 0,00117104912121854
0,087259545259186; 0,00117104912121854
0,087259545259186; 0,00117104912121854
0,087259545259186; 0,00117104912121854
0,087259545259186; 0,00117104912121854
0,087259545259186; 0,00117104912121854
0,087259545259186; 0,00117104912121854
0,087259545259186; 0,00117104912121854
0,087259545259186; 0,00117104912121854
0,087259545259186; 0,00117104912121854
0,087259545259186; 0,00117104912121854
0,087259545259186; 0,00117104912121854
0,087259545259186; 0,00117104912121854
0,087259545259186; 0,00117104912121854
0,087259545259186; 0,00117104912121854
0,087259545259186; 0,00117104912121854
0,087259545259186; 0,00117104912121854
0,087259545259186; 0,00117104912121854
0,087259545259186; 0,00117104912121854
0,087259545259186; 0,00117104912121854
0,087259545259186; 0,00117104912121854
0,087259545259186; 0,00117104912121854
0,087259545259186; 0,00117104912121854
0,087259545259186; 0,00117104912121854
0,087259545259186; 0,00117104912121854
0,087259545259186; 0,00117104912121854
0,087259545259186; 0,00117104912121854
0,087259545259186; 0,00117104912121854
0,087259545259186; 0,00117104912121854
0,087259545259186; 0,00117104912121854
0,087259545259186; 0,00117104912121854
0,087259545259186; 0,00117104912121854
0,087259545259186; 0,00117104912121854
0,087259545259186; 0,00117104912121854
0,087259545259186; 0,00117104912121854
0,087259545259186; 0,00117104912121854
0,087259545259186; 0,00117104912121854
0,087259545259186; 0,00117104912121854
0,087259545259186; 0,00117104912121854
0,087259545259186; 0,00117104912121854
0,087259545259186; 0,00117104912121854
0,087259545259186; 0,00117104912121854
0,087259545259186; 0,00117104912121854
0,087259545259186; 0,00117104912121854
0,087259545259186; 0,00117104912121854
0,087259545259186; 0,00117104912121854
0,087259545259186; 0,00117104912121854
0,087259545259186; 0,00117104912121854
0,087259545259186; 0,00117104912121854
0,087259545259186; 0,00117104912121854
0,087259545259186; 0,00117104912121854
0,087259545259186; 0,00117104912121854
0,087259545259186; 0,00117104912121854
0,087259545259186; 0,00117104912121854
0,087259545259186; 0,00117104912121854
0,087259545259186; 0,00117104912121854
0,087259545259186; 0,00117104912121854
0,087259545259186; 0,00117104912121854
0,087259545259186; 0,00117104912121854
0,087259545259186; 0,00117104912121854
0,087259545259186; 0,00117104912121854
0,087259545259186; 0,00117104912121854
0,087259545259186; 0,00117104912121854
0,087259545259186; 0,00117104912121854
0,087259545259186; 0,00117104912121854
0,087259545259186; 0,00117104912121854
0,087259545259186; 0,00117104912121854
0,087259545259186; 0,00117104912121854
0,087259545259186; 0,00117104912121854
0,087259545259186; 0,00117104912121854
0,087259545259186; 0,00117104912121854
0,087259545259186; 0,00117104912121854
0,087259545259186; 0,00117104912121854
0,087259545259186; 0,00117104912121854
0,087259545259186; 0,00117104912121854
0,087259545259186; 0,00117104912121854
0,087259545259186; 0,00117104912121854
0,087259545259186; 0,00117104912121854
0,087259545259186; 0,00117104912121854
0,087259545259186; 0,00117104912121854
0,087259545259186; 0,00117104912121854
0,087259545259186; 0,00117104912121854
0,087259545259186; 0,00117104912121854
0,087259545259186; 0,00117104912121854
0,087259545259186; 0,00117104912121854
0,087259545259186; 0,00117104912121854
0,087259545259186; 0,00117104912121854
0,087259545259186; 0,00117104912121854
0,087259545259186; 0,00117104912121854
0,087259545259186; 0,00117104912121854
0,087259545259186; 0,00117104912121854
0,087259545259186; 0,00117104912121854
0,087259545259186; 0,00117104912121854
0,087259545259186; 0,00117104912121854
0,087259545259186; 0,00117104912121854
0,087259545259186; 0,00117104912121854
0,087259545259186; 0,00117104912121854
0,087259545259186; 0,00117104912121854
0,087259545259186; 0,00117104912121854
0,087259545259186; 0,00117104912121854
0,087259545259186; 0,00117104912121854
0,087259545259186; 0,00117104912121854
0,087259545259186; 0,00117104912121854
0,087259545259186; 0,00117104912121854
0,087259545259186; 0,00117104912121854
0,087259545259186; 0,00117104912121854
0,087259545259186; 0,00117104912121854
0,087259545259186; 0,00117104912121854
0,087259545259186; 0,00117104912121854
0,087259545259186; 0,00117104912121854
0,087259545259186; 0,00117104912121854
0,087259545259186; 0,00117104912121854
0,087259545259186; 0,00117104912121854
0,087259545259186; 0,00117104912121854
0,087259545259186; 0,00117104912121854
0,087259545259186; 0,00117104912121854
0,087259545259186; 0,00117104912121854
0,087259545259186; 0,00117104912121854
0,087259545259186; 0,00117104912121854
0,087259545259186; 0,00117104912121854
0,087259545259186; 0,00117104912121854
0,087259545259186; 0,00117104912121854
0,087259545259186; 0,00117104912121854
0,087259545259186; 0,00117104912121854
0,087259545259186; 0,00117104912121854
0,087259545259186; 0,00117104912121854
0,087259545259186; 0,00117104912121854
0,087259545259186; 0,00117104912121854
0,087259545259186; 0,00117104912121854
0,087259545259186; 0,00117104912121854
0,087259545259186; 0,00117104912121854
0,087259545259186; 0,00117104912121854
0,087259545259186; 0,00117104912121854
0,087259545259186; 0,00117104912121854
0,087259545259186; 0,00117104912121854
0,087259545259186; 0,00117104912121854
0,087259545259186; 0,00117104912121854
0,087259545259186; 0,00117104912121854
0,087259545259186; 0,00117104912121854
0,087259545259186; 0,00117104912121854
0,087259545259186; 0,00117104912121854
0,087259545259186; 0,00117104912121854
0,087259545259186; 0,00117104912121854
0,087259545259186; 0,00117104912121854
0,087259545259186; 0,00117104912121854
0,087259545259186; 0,00117104912121854
0,087259545259186; 0,00117104912121854
0,087259545259186; 0,00117104912121854
0,087259545259186; 0,00117104912121854
0,087259545259186; 0,00117104912121854
0,087259545259186; 0,00117104912121854
0,087259545259186; 0,00117104912121854
0,087259545259186; 0,00117104912121854
0,087259545259186; 0,00117104912121854
0,087259545259186; 0,00117104912121854
0,087259545259186; 0,00117104912121854
0,087259545259186; 0,00117104912121854
0,087259545259186; 0,00117104912121854
0,087259545259186; 0,00117104912121854
0,087259545259186; 0,00117104912121854
0,087259545259186; 0,00117104912121854
0,087259545259186; 0,00117104912121854
0,087259545259186; 0,00117104912121854
0,087259545259186; 0,00117104912121854
0,087259545259186; 0,00117104912121854
0,087259545259186; 0,00117104912121854
0,087259545259186; 0,00117104912121854
0,087259545259186; 0,00117104912121854
0,087259545259186; 0,00117104912121854
0,087259545259186; 0,00117104912121854
0,087259545259186; 0,00117104912121854
0,087259545259186; 0,00117104912121854
0,087259545259186; 0,00117104912121854
0,087259545259186; 0,00117104912121854
0,087259545259186; 0,00117104912121854
0,087259545259186; 0,00117104912121854
0,087259545259186; 0,00117104912121854
0,087259545259186; 0,00117104912121854
0,087259545259186; 0,00117104912121854
0,087259545259186; 0,00117104912121854
0,087259545259186; 0,00117104912121854
0,087259545259186; 0,00117104912121854
0,087259545259186; 0,00117104912121854
0,087259545259186; 0,00117104912121854
0,087259545259186; 0,00117104912121854
0,087259545259186; 0,00117104912121854
0,087259545259186; 0,00117104912121854
0,087259545259186; 0,00117104912121854
0,087259545259186; 0,00117104912121854
0,087259545259186; 0,00117104912121854
0,087259545259186; 0,00117104912121854
0,087259545259186; 0,00117104912121854
0,087259545259186; 0,00117104912121854
0,087259545259186; 0,00117104912121854
0,087259545259186; 0,00117104912121854
0,087259545259186; 0,00117104912121854
0,087259545259186; 0,00117104912121854
0,087259545259186; 0,00117104912121854
0,087259545259186; 0,00117104912121854
0,087259545259186; 0,00117104912121854
0,087259545259186; 0,00117104912121854
0,087259545259186; 0,00117104912121854
0,087259545259186; 0,00117104912121854
0,087259545259186; 0,00117104912121854
0,087259545259186; 0,00117104912121854
0,087259545259186; 0,00117104912121854
0,087259545259186; 0,00117104912121854
0,087259545259186; 0,00117104912121854
0,087259545259186; 0,00117104912121854
0,087259545259186; 0,00117104912121854
0,087259545259186; 0,00117104912121854
0,087259545259186; 0,00117104912121854
0,087259545259186; 0,00117104912121854
0,087259545259186; 0,00117104912121854
0,087259545259186; 0,00117104912121854
0,087259545259186; 0,00117104912121854
0,087259545259186; 0,00117104912121854
0,087259545259186; 0,00117104912121854
0,087259545259186; 0,00117104912121854
0,087259545259186; 0,00117104912121854
0,087259545259186; 0,00117104912121854
0,087259545259186; 0,00117104912121854
0,087259545259186; 0,00117104912121854
0,087259545259186; 0,00117104912121854
0,087259545259186; 0,00117104912121854
0,087259545259186; 0,00117104912121854
0,087259545259186; 0,00117104912121854
0,087259545259186; 0,00117104912121854
0,087259545259186; 0,00117104912121854
0,087259545259186; 0,00117104912121854
0,087259545259186; 0,00117104912121854
0,087259545259186; 0,00117104912121854
0,087259545259186; 0,00117104912121854
0,087259545259186; 0,00117104912121854
0,087259545259186; 0,00117104912121854
0,087259545259186; 0,00117104912121854
0,087259545259186; 0,00117104912121854
0,087259545259186; 0,00117104912121854
0,087259545259186; 0,00117104912121854
0,087259545259186; 0,00117104912121854
0,087259545259186; 0,00117104912121854
0,087259545259186; 0,00117104912121854
0,087259545259186; 0,00117104912121854
0,087259545259186; 0,00117104912121854
0,087259545259186; 0,00117104912121854
0,087259545259186; 0,00117104912121854
0,087259545259186; 0,00117104912121854
0,087259545259186; 0,00117104912121854
0,087259545259186; 0,00117104912121854
0,087259545259186; 0,00117104912121854
0,087259545259186; 0,00117104912121854
0,087259545259186; 0,00117104912121854
0,087259545259186; 0,00117104912121854
0,087259545259186; 0,00117104912121854
0,087259545259186; 0,00117104912121854
0,087259545259186; 0,00117104912121854
0,087259545259186; 0,00117104912121854
0,087259545259186; 0,00117104912121854
0,087259545259186; 0,00117104912121854
0,087259545259186; 0,00117104912121854
0,087259545259186; 0,00117104912121854
0,087259545259186; 0,00117104912121854
0,087259545259186; 0,00117104912121854
0,087259545259186; 0,00117104912121854
0,087259545259186; 0,00117104912121854
0,087259545259186; 0,00117104912121854
0,087259545259186; 0,00117104912121854
0,087259545259186; 0,00117104912121854
0,087259545259186; 0,00117104912121854
0,087259545259186; 0,00117104912121854
0,087259545259186; 0,00117104912121854
0,087259545259186; 0,00117104912121854
0,087259545259186; 0,00117104912121854
0,087259545259186; 0,00117104912121854
0,087259545259186; 0,00117104912121854
0,087259545259186; 0,00117104912121854
0,087259545259186; 0,00117104912121854
0,087259545259186; 0,00117104912121854
0,087259545259186; 0,00117104912121854
0,087259545259186; 0,00117104912121854
0,087259545259186; 0,00117104912121854
0,087259545259186; 0,00117104912121854
0,087259545259186; 0,00117104912121854
0,087259545259186; 0,00117104912121854
0,087259545259186; 0,00117104912121854
0,087259545259186; 0,00117104912121854
0,087259545259186; 0,00117104912121854
0,087259545259186; 0,00117104912121854
0,087259545259186; 0,00117104912121854
0,087259545259186; 0,00117104912121854
0,087259545259186; 0,00117104912121854
0,087259545259186; 0,00117104912121854
0,087259545259186; 0,00117104912121854
0,087259545259186; 0,00117104912121854
0,087259545259186; 0,00117104912121854
0,087259545259186; 0,00117104912121854
0,087259545259186; 0,00117104912121854
0,087259545259186; 0,00117104912121854
0,087259545259186; 0,00117104912121854
0,087259545259186; 0,00117104912121854
0,087259545259186; 0,00117104912121854
0,087259545259186; 0,00117104912121854
0,087259545259186; 0,00117104912121854
0,087259545259186; 0,00117104912121854
0,087259545259186; 0,00117104912121854
0,087259545259186; 0,00117104912121854
0,087259545259186; 0,00117104912121854
0,087259545259186; 0,00117104912121854
0,087259545259186; 0,00117104912121854
0,087259545259186; 0,00117104912121854
0,087259545259186; 0,00117104912121854
0,087259545259186; 0,00117104912121854
0,087259545259186; 0,00117104912121854
0,087259545259186; 0,00117104912121854
0,087259545259186; 0,00117104912121854
0,087259545259186; 0,00117104912121854
0,087259545259186; 0,00117104912121854
0,087259545259186; 0,00117104912121854
0,087259545259186; 0,00117104912121854
0,087259545259186; 0,00117104912121854
0,087259545259186; 0,00117104912121854
0,087259545259186; 0,00117104912121854
0,087259545259186; 0,00117104912121854
0,087259545259186; 0,00117104912121854
0,087259545259186; 0,00117104912121854
0,087259545259186; 0,00117104912121854
0,087259545259186; 0,00117104912121854
0,087259545259186; 0,00117104912121854
0,087259545259186; 0,00117104912121854
0,087259545259186; 0,00117104912121854
0,087259545259186; 0,00117104912121854
0,087259545259186; 0,00117104912121854
0,087259545259186; 0,00117104912121854
0,087259545259186; 0,00117104912121854
0,087259545259186; 0,00117104912121854
0,087259545259186; 0,00117104912121854
0,087259545259186; 0,00117104912121854
0,087259545259186; 0,00117104912121854
0,087259545259186; 0,00117104912121854
0,087259545259186; 0,00117104912121854
0,087259545259186; 0,00117104912121854
0,087259545259186; 0,00117104912121854
0,087259545259186; 0,00117104912121854
0,087259545259186; 0,00117104912121854
0,087259545259186; 0,00117104912121854
0,087259545259186; 0,00117104912121854
0,087259545259186; 0,00117104912121854
0,087259545259186; 0,00117104912121854
0,087259545259186; 0,00117104912121854
0,087259545259186; 0,00117104912121854
0,087259545259186; 0,00117104912121854
0,087259545259186; 0,00117104912121854
0,087259545259186; 0,00117104912121854
0,087259545259186; 0,00117104912121854
0,087259545259186; 0,00117104912121854
0,087259545259186; 0,00117104912121854
0,087259545259186; 0,00117104912121854
0,087259545259186; 0,00117104912121854
0,087259545259186; 0,00117104912121854
0,087259545259186; 0,00117104912121854
0,087259545259186; 0,00117104912121854
0,087259545259186; 0,00117104912121854
0,087259545259186; 0,00117104912121854
0,087259545259186; 0,00117104912121854
0,087259545259186; 0,00117104912121854
0,087259545259186; 0,00117104912121854
0,087259545259186; 0,00117104912121854
0,087259545259186; 0,00117104912121854
0,087259545259186; 0,00117104912121854
0,087259545259186; 0,00117104912121854
0,087259545259186; 0,00117104912121854
0,087259545259186; 0,00117104912121854
0,087259545259186; 0,00117104912121854
0,087259545259186; 0,00117104912121854
0,087259545259186; 0,00117104912121854
0,087259545259186; 0,00117104912121854
0,087259545259186; 0,00117104912121854
0,087259545259186; 0,00117104912121854
0,087259545259186; 0,00117104912121854
0,087259545259186; 0,00117104912121854
0,087259545259186; 0,00117104912121854
0,087259545259186; 0,00117104912121854
0,087259545259186; 0,00117104912121854
0,087259545259186; 0,00117104912121854
0,087259545259186; 0,00117104912121854
