3347,12541697304; 731,092591407844
3347,12541697304; 731,092591407844
3347,12541697304; 731,092591407844
3347,12541697304; 731,092591407844
3347,12541697304; 731,092591407844
3347,12541697304; 731,092591407844
1007,20093044974; 251,399590300175
1007,20093044974; 251,399590300175
1007,20093044974; 251,399590300175
1007,20093044974; 251,399590300175
1007,20093044974; 251,399590300175
1007,20093044974; 251,399590300175
1007,20093044974; 251,399590300175
1007,20093044974; 251,399590300175
1007,20093044974; 251,399590300175
1007,20093044974; 251,399590300175
1007,20093044974; 251,399590300175
1007,20093044974; 251,399590300175
1007,20093044974; 251,399590300175
1007,20093044974; 251,399590300175
1007,20093044974; 251,399590300175
1007,20093044974; 251,399590300175
1007,20093044974; 251,399590300175
1007,20093044974; 251,399590300175
1007,20093044974; 251,399590300175
1007,20093044974; 251,399590300175
1007,20093044974; 251,399590300175
875,813082883843; 285,473722066544
875,813082883843; 285,473722066544
875,813082883843; 285,473722066544
875,813082883843; 285,473722066544
875,813082883843; 285,473722066544
875,813082883843; 285,473722066544
875,813082883843; 285,473722066544
875,813082883843; 285,473722066544
875,813082883843; 285,473722066544
935,356372011243; 255,782302399898
935,356372011243; 255,782302399898
935,356372011243; 255,782302399898
935,356372011243; 255,782302399898
935,356372011243; 255,782302399898
935,356372011243; 255,782302399898
935,356372011243; 255,782302399898
935,356372011243; 255,782302399898
935,356372011243; 255,782302399898
935,356372011243; 255,782302399898
935,356372011243; 255,782302399898
935,356372011243; 255,782302399898
935,356372011243; 255,782302399898
935,356372011243; 255,782302399898
933,198341597236; 241,909792406181
933,198341597236; 241,909792406181
933,198341597236; 241,909792406181
933,198341597236; 241,909792406181
933,198341597236; 241,909792406181
933,198341597236; 241,909792406181
933,198341597236; 241,909792406181
933,198341597236; 241,909792406181
951,349703269142; 247,312965155042
933,198341597236; 241,909792406181
933,198341597236; 241,909792406181
933,198341597236; 241,909792406181
933,198341597236; 241,909792406181
933,198341597236; 241,909792406181
933,198341597236; 241,909792406181
933,198341597236; 241,909792406181
933,198341597236; 241,909792406181
933,198341597236; 241,909792406181
933,198341597236; 241,909792406181
933,198341597236; 241,909792406181
933,198341597236; 241,909792406181
933,198341597236; 241,909792406181
933,198341597236; 241,909792406181
932,421843247323; 242,539274950853
932,421843247323; 242,539274950853
932,421843247323; 242,539274950853
932,421843247323; 242,539274950853
932,421843247323; 242,539274950853
932,421843247323; 242,539274950853
932,421843247323; 242,539274950853
932,421843247323; 242,539274950853
932,421843247323; 242,539274950853
932,421843247323; 242,539274950853
932,421843247323; 242,539274950853
932,421843247323; 242,539274950853
932,421843247323; 242,539274950853
932,421843247323; 242,539274950853
932,421843247323; 242,539274950853
932,421843247323; 242,539274950853
932,421843247323; 242,539274950853
932,421843247323; 242,539274950853
932,421843247323; 242,539274950853
932,421843247323; 242,539274950853
932,421843247323; 242,539274950853
932,421843247323; 242,539274950853
932,421843247323; 242,539274950853
932,421843247323; 242,539274950853
932,421843247323; 242,539274950853
932,421843247323; 242,539274950853
932,421843247323; 242,539274950853
932,421843247323; 242,539274950853
932,421843247323; 242,539274950853
932,421843247323; 242,539274950853
932,421843247323; 242,539274950853
932,421843247323; 242,539274950853
932,421843247323; 242,539274950853
932,421843247323; 242,539274950853
932,421843247323; 242,539274950853
932,421843247323; 242,539274950853
932,421843247323; 242,539274950853
932,421843247323; 242,539274950853
932,421843247323; 242,539274950853
932,421843247323; 242,539274950853
932,421843247323; 242,539274950853
932,421843247323; 242,539274950853
932,421843247323; 242,539274950853
932,421843247323; 242,539274950853
932,421843247323; 242,539274950853
932,421843247323; 242,539274950853
932,421843247323; 242,539274950853
932,421843247323; 242,539274950853
932,421843247323; 242,539274950853
932,421843247323; 242,539274950853
932,421843247323; 242,539274950853
932,421843247323; 242,539274950853
932,421843247323; 242,539274950853
931,091607094676; 242,961094437761
931,091607094676; 242,961094437761
931,597213097114; 243,207776416985
931,597213097114; 243,207776416985
931,597213097114; 243,207776416985
931,597213097114; 243,207776416985
931,597213097114; 243,207776416985
930,546151998986; 243,055108724127
930,546151998986; 243,055108724127
930,546151998986; 243,055108724127
930,546151998986; 243,055108724127
930,546151998986; 243,055108724127
950,318152202073; 242,706537989189
950,318152202073; 242,706537989189
950,318152202073; 242,706537989189
950,318152202073; 242,706537989189
950,318152202073; 242,706537989189
950,318152202073; 242,706537989189
950,318152202073; 242,706537989189
950,318152202073; 242,706537989189
950,318152202073; 242,706537989189
950,318152202073; 242,706537989189
950,318152202073; 242,706537989189
950,318152202073; 242,706537989189
950,318152202073; 242,706537989189
933,348819060849; 243,503873780909
933,348819060849; 243,503873780909
933,348819060849; 243,503873780909
933,348819060849; 243,503873780909
933,348819060849; 243,503873780909
933,348819060849; 243,503873780909
933,348819060849; 243,503873780909
933,348819060849; 243,503873780909
947,301119620442; 238,661470238297
947,301119620442; 238,661470238297
947,301119620442; 238,661470238297
947,301119620442; 238,661470238297
947,301119620442; 238,661470238297
947,301119620442; 238,661470238297
947,301119620442; 238,661470238297
947,301119620442; 238,661470238297
947,301119620442; 238,661470238297
947,301119620442; 238,661470238297
947,301119620442; 238,661470238297
947,301119620442; 238,661470238297
947,301119620442; 238,661470238297
947,301119620442; 238,661470238297
947,301119620442; 238,661470238297
947,301119620442; 238,661470238297
947,301119620442; 238,661470238297
938,375583409331; 236,318236096336
938,375583409331; 236,318236096336
938,375583409331; 236,318236096336
938,375583409331; 236,318236096336
938,375583409331; 236,318236096336
938,375583409331; 236,318236096336
938,375583409331; 236,318236096336
938,375583409331; 236,318236096336
938,375583409331; 236,318236096336
938,375583409331; 236,318236096336
938,375583409331; 236,318236096336
938,375583409331; 236,318236096336
938,375583409331; 236,318236096336
938,375583409331; 236,318236096336
935,3935982551; 251,843591550886
935,3935982551; 251,843591550886
935,3935982551; 251,843591550886
935,3935982551; 251,843591550886
935,3935982551; 251,843591550886
935,3935982551; 251,843591550886
1008,4985848303; 250,86392975706
1008,4985848303; 250,86392975706
1008,4985848303; 250,86392975706
1008,4985848303; 250,86392975706
1008,4985848303; 250,86392975706
1008,4985848303; 250,86392975706
1008,4985848303; 250,86392975706
1008,4985848303; 250,86392975706
1008,4985848303; 250,86392975706
1008,4985848303; 250,86392975706
1008,4985848303; 250,86392975706
1008,4985848303; 250,86392975706
1008,4985848303; 250,86392975706
1008,4985848303; 250,86392975706
1008,4985848303; 250,86392975706
1008,4985848303; 250,86392975706
1008,4985848303; 250,86392975706
1008,4985848303; 250,86392975706
1008,4985848303; 250,86392975706
1008,4985848303; 250,86392975706
1008,4985848303; 250,86392975706
1008,4985848303; 250,86392975706
1008,4985848303; 250,86392975706
980,764706522293; 244,783602109148
980,764706522293; 244,783602109148
980,764706522293; 244,783602109148
980,764706522293; 244,783602109148
980,764706522293; 244,783602109148
980,764706522293; 244,783602109148
980,764706522293; 244,783602109148
980,764706522293; 244,783602109148
980,764706522293; 244,783602109148
980,764706522293; 244,783602109148
980,764706522293; 244,783602109148
980,764706522293; 244,783602109148
980,764706522293; 244,783602109148
980,764706522293; 244,783602109148
980,764706522293; 244,783602109148
980,764706522293; 244,783602109148
980,764706522293; 244,783602109148
980,764706522293; 244,783602109148
980,764706522293; 244,783602109148
980,764706522293; 244,783602109148
980,764706522293; 244,783602109148
980,764706522293; 244,783602109148
980,764706522293; 244,783602109148
980,764706522293; 244,783602109148
980,764706522293; 244,783602109148
980,764706522293; 244,783602109148
980,764706522293; 244,783602109148
980,764706522293; 244,783602109148
980,764706522293; 244,783602109148
980,764706522293; 244,783602109148
980,764706522293; 244,783602109148
980,764706522293; 244,783602109148
980,764706522293; 244,783602109148
980,764706522293; 244,783602109148
980,764706522293; 244,783602109148
980,764706522293; 244,783602109148
980,764706522293; 244,783602109148
980,764706522293; 244,783602109148
980,764706522293; 244,783602109148
980,764706522293; 244,783602109148
980,764706522293; 244,783602109148
980,764706522293; 244,783602109148
980,764706522293; 244,783602109148
980,764706522293; 244,783602109148
980,764706522293; 244,783602109148
980,764706522293; 244,783602109148
980,764706522293; 244,783602109148
980,764706522293; 244,783602109148
980,764706522293; 244,783602109148
980,764706522293; 244,783602109148
980,764706522293; 244,783602109148
980,764706522293; 244,783602109148
980,764706522293; 244,783602109148
901,354236947167; 248,101010299906
901,354236947167; 248,101010299906
901,354236947167; 248,101010299906
901,354236947167; 248,101010299906
901,354236947167; 248,101010299906
901,354236947167; 248,101010299906
901,354236947167; 248,101010299906
901,354236947167; 248,101010299906
901,354236947167; 248,101010299906
901,354236947167; 248,101010299906
901,354236947167; 248,101010299906
901,354236947167; 248,101010299906
901,354236947167; 248,101010299906
901,354236947167; 248,101010299906
901,354236947167; 248,101010299906
901,354236947167; 248,101010299906
901,354236947167; 248,101010299906
901,354236947167; 248,101010299906
901,354236947167; 248,101010299906
901,354236947167; 248,101010299906
901,354236947167; 248,101010299906
901,354236947167; 248,101010299906
901,354236947167; 248,101010299906
901,354236947167; 248,101010299906
901,354236947167; 248,101010299906
901,354236947167; 248,101010299906
901,354236947167; 248,101010299906
901,354236947167; 248,101010299906
884,148302755926; 249,424640180772
884,148302755926; 249,424640180772
884,148302755926; 249,424640180772
884,148302755926; 249,424640180772
884,148302755926; 249,424640180772
884,148302755926; 249,424640180772
884,148302755926; 249,424640180772
884,148302755926; 249,424640180772
779,563534864919; 214,031358919082
779,563534864919; 214,031358919082
779,563534864919; 214,031358919082
779,563534864919; 214,031358919082
779,563534864919; 214,031358919082
779,563534864919; 214,031358919082
779,563534864919; 214,031358919082
779,563534864919; 214,031358919082
675,386517514817; 183,652605463208
675,386517514817; 183,652605463208
675,386517514817; 183,652605463208
703,213353364483; 199,701063611145
703,213353364483; 199,701063611145
703,213353364483; 199,701063611145
708,459713803379; 201,875536864772
703,213353364483; 199,701063611145
703,213353364483; 199,701063611145
703,213353364483; 199,701063611145
703,213353364483; 199,701063611145
708,459713803379; 201,875536864772
703,213353364483; 199,701063611145
708,459713803379; 201,875536864772
703,213353364483; 199,701063611145
708,459713803379; 201,875536864772
708,459713803379; 201,875536864772
703,213353364483; 199,701063611145
703,213353364483; 199,701063611145
703,213353364483; 199,701063611145
703,213353364483; 199,701063611145
703,213353364483; 199,701063611145
703,213353364483; 199,701063611145
708,459713803379; 201,875536864772
708,459713803379; 201,875536864772
703,213353364483; 199,701063611145
708,459713803379; 201,875536864772
703,213353364483; 199,701063611145
703,213353364483; 199,701063611145
703,213353364483; 199,701063611145
703,213353364483; 199,701063611145
703,213353364483; 199,701063611145
703,213353364483; 199,701063611145
703,213353364483; 199,701063611145
703,213353364483; 199,701063611145
703,213353364483; 199,701063611145
703,213353364483; 199,701063611145
703,213353364483; 199,701063611145
703,213353364483; 199,701063611145
708,459713803379; 201,875536864772
703,213353364483; 199,701063611145
708,459713803379; 201,875536864772
703,213353364483; 199,701063611145
708,459713803379; 201,875536864772
703,213353364483; 199,701063611145
703,213353364483; 199,701063611145
703,213353364483; 199,701063611145
703,213353364483; 199,701063611145
703,213353364483; 199,701063611145
708,459713803379; 201,875536864772
703,213353364483; 199,701063611145
703,213353364483; 199,701063611145
703,213353364483; 199,701063611145
703,213353364483; 199,701063611145
703,213353364483; 199,701063611145
703,213353364483; 199,701063611145
708,459713803379; 201,875536864772
703,213353364483; 199,701063611145
703,213353364483; 199,701063611145
703,213353364483; 199,701063611145
703,213353364483; 199,701063611145
703,213353364483; 199,701063611145
703,213353364483; 199,701063611145
703,213353364483; 199,701063611145
703,213353364483; 199,701063611145
703,213353364483; 199,701063611145
703,213353364483; 199,701063611145
703,213353364483; 199,701063611145
703,213353364483; 199,701063611145
703,213353364483; 199,701063611145
703,213353364483; 199,701063611145
703,213353364483; 199,701063611145
703,213353364483; 199,701063611145
703,213353364483; 199,701063611145
703,213353364483; 199,701063611145
703,213353364483; 199,701063611145
703,213353364483; 199,701063611145
703,213353364483; 199,701063611145
703,213353364483; 199,701063611145
703,213353364483; 199,701063611145
703,213353364483; 199,701063611145
703,213353364483; 199,701063611145
703,213353364483; 199,701063611145
703,213353364483; 199,701063611145
703,213353364483; 199,701063611145
703,213353364483; 199,701063611145
703,213353364483; 199,701063611145
703,213353364483; 199,701063611145
703,213353364483; 199,701063611145
703,213353364483; 199,701063611145
703,213353364483; 199,701063611145
703,213353364483; 199,701063611145
703,213353364483; 199,701063611145
703,213353364483; 199,701063611145
703,213353364483; 199,701063611145
703,213353364483; 199,701063611145
703,213353364483; 199,701063611145
703,213353364483; 199,701063611145
703,213353364483; 199,701063611145
703,213353364483; 199,701063611145
703,213353364483; 199,701063611145
703,213353364483; 199,701063611145
703,213353364483; 199,701063611145
703,213353364483; 199,701063611145
703,213353364483; 199,701063611145
703,213353364483; 199,701063611145
703,213353364483; 199,701063611145
703,213353364483; 199,701063611145
703,213353364483; 199,701063611145
703,213353364483; 199,701063611145
703,213353364483; 199,701063611145
703,213353364483; 199,701063611145
703,213353364483; 199,701063611145
703,213353364483; 199,701063611145
703,213353364483; 199,701063611145
703,213353364483; 199,701063611145
703,213353364483; 199,701063611145
703,213353364483; 199,701063611145
703,213353364483; 199,701063611145
703,213353364483; 199,701063611145
703,213353364483; 199,701063611145
703,213353364483; 199,701063611145
703,213353364483; 199,701063611145
703,213353364483; 199,701063611145
703,213353364483; 199,701063611145
703,213353364483; 199,701063611145
703,213353364483; 199,701063611145
703,213353364483; 199,701063611145
703,213353364483; 199,701063611145
703,213353364483; 199,701063611145
703,213353364483; 199,701063611145
703,213353364483; 199,701063611145
703,213353364483; 199,701063611145
703,213353364483; 199,701063611145
703,213353364483; 199,701063611145
703,213353364483; 199,701063611145
703,213353364483; 199,701063611145
703,213353364483; 199,701063611145
703,213353364483; 199,701063611145
703,213353364483; 199,701063611145
703,213353364483; 199,701063611145
703,213353364483; 199,701063611145
703,213353364483; 199,701063611145
703,213353364483; 199,701063611145
703,213353364483; 199,701063611145
703,213353364483; 199,701063611145
703,213353364483; 199,701063611145
703,213353364483; 199,701063611145
703,213353364483; 199,701063611145
703,213353364483; 199,701063611145
703,213353364483; 199,701063611145
703,213353364483; 199,701063611145
703,213353364483; 199,701063611145
703,213353364483; 199,701063611145
703,213353364483; 199,701063611145
703,213353364483; 199,701063611145
703,213353364483; 199,701063611145
703,213353364483; 199,701063611145
703,213353364483; 199,701063611145
703,213353364483; 199,701063611145
703,213353364483; 199,701063611145
703,213353364483; 199,701063611145
703,213353364483; 199,701063611145
703,213353364483; 199,701063611145
703,213353364483; 199,701063611145
703,213353364483; 199,701063611145
703,213353364483; 199,701063611145
703,213353364483; 199,701063611145
703,213353364483; 199,701063611145
703,213353364483; 199,701063611145
703,213353364483; 199,701063611145
703,213353364483; 199,701063611145
703,213353364483; 199,701063611145
703,213353364483; 199,701063611145
703,213353364483; 199,701063611145
703,213353364483; 199,701063611145
703,213353364483; 199,701063611145
703,213353364483; 199,701063611145
703,213353364483; 199,701063611145
703,213353364483; 199,701063611145
703,213353364483; 199,701063611145
703,213353364483; 199,701063611145
703,213353364483; 199,701063611145
703,213353364483; 199,701063611145
703,213353364483; 199,701063611145
703,213353364483; 199,701063611145
703,213353364483; 199,701063611145
703,213353364483; 199,701063611145
703,213353364483; 199,701063611145
703,213353364483; 199,701063611145
703,213353364483; 199,701063611145
703,213353364483; 199,701063611145
703,213353364483; 199,701063611145
703,213353364483; 199,701063611145
703,213353364483; 199,701063611145
703,213353364483; 199,701063611145
703,213353364483; 199,701063611145
703,213353364483; 199,701063611145
703,213353364483; 199,701063611145
703,213353364483; 199,701063611145
703,213353364483; 199,701063611145
703,213353364483; 199,701063611145
703,213353364483; 199,701063611145
703,213353364483; 199,701063611145
703,213353364483; 199,701063611145
703,213353364483; 199,701063611145
703,213353364483; 199,701063611145
703,213353364483; 199,701063611145
703,213353364483; 199,701063611145
703,213353364483; 199,701063611145
703,213353364483; 199,701063611145
703,213353364483; 199,701063611145
703,213353364483; 199,701063611145
703,213353364483; 199,701063611145
703,213353364483; 199,701063611145
703,213353364483; 199,701063611145
703,213353364483; 199,701063611145
703,213353364483; 199,701063611145
703,213353364483; 199,701063611145
703,213353364483; 199,701063611145
703,213353364483; 199,701063611145
703,213353364483; 199,701063611145
703,213353364483; 199,701063611145
703,213353364483; 199,701063611145
703,213353364483; 199,701063611145
703,213353364483; 199,701063611145
703,213353364483; 199,701063611145
703,213353364483; 199,701063611145
703,213353364483; 199,701063611145
703,213353364483; 199,701063611145
703,213353364483; 199,701063611145
703,213353364483; 199,701063611145
703,213353364483; 199,701063611145
703,213353364483; 199,701063611145
703,213353364483; 199,701063611145
703,213353364483; 199,701063611145
703,213353364483; 199,701063611145
703,213353364483; 199,701063611145
703,213353364483; 199,701063611145
703,213353364483; 199,701063611145
703,213353364483; 199,701063611145
703,213353364483; 199,701063611145
703,213353364483; 199,701063611145
703,213353364483; 199,701063611145
703,213353364483; 199,701063611145
703,213353364483; 199,701063611145
703,213353364483; 199,701063611145
703,213353364483; 199,701063611145
703,213353364483; 199,701063611145
703,213353364483; 199,701063611145
703,213353364483; 199,701063611145
703,213353364483; 199,701063611145
703,213353364483; 199,701063611145
703,213353364483; 199,701063611145
703,213353364483; 199,701063611145
703,213353364483; 199,701063611145
703,213353364483; 199,701063611145
703,213353364483; 199,701063611145
703,213353364483; 199,701063611145
703,213353364483; 199,701063611145
703,213353364483; 199,701063611145
703,213353364483; 199,701063611145
703,213353364483; 199,701063611145
703,213353364483; 199,701063611145
703,213353364483; 199,701063611145
703,213353364483; 199,701063611145
703,213353364483; 199,701063611145
703,213353364483; 199,701063611145
703,213353364483; 199,701063611145
703,213353364483; 199,701063611145
703,213353364483; 199,701063611145
703,213353364483; 199,701063611145
703,213353364483; 199,701063611145
703,213353364483; 199,701063611145
703,213353364483; 199,701063611145
703,213353364483; 199,701063611145
703,213353364483; 199,701063611145
703,213353364483; 199,701063611145
703,213353364483; 199,701063611145
703,213353364483; 199,701063611145
703,213353364483; 199,701063611145
703,213353364483; 199,701063611145
703,213353364483; 199,701063611145
703,213353364483; 199,701063611145
703,213353364483; 199,701063611145
703,213353364483; 199,701063611145
703,213353364483; 199,701063611145
703,213353364483; 199,701063611145
703,213353364483; 199,701063611145
703,213353364483; 199,701063611145
703,213353364483; 199,701063611145
703,213353364483; 199,701063611145
703,213353364483; 199,701063611145
703,213353364483; 199,701063611145
703,213353364483; 199,701063611145
703,213353364483; 199,701063611145
703,213353364483; 199,701063611145
703,213353364483; 199,701063611145
703,213353364483; 199,701063611145
703,213353364483; 199,701063611145
703,213353364483; 199,701063611145
703,213353364483; 199,701063611145
703,213353364483; 199,701063611145
703,213353364483; 199,701063611145
703,213353364483; 199,701063611145
703,213353364483; 199,701063611145
703,213353364483; 199,701063611145
703,213353364483; 199,701063611145
703,213353364483; 199,701063611145
703,213353364483; 199,701063611145
703,213353364483; 199,701063611145
703,213353364483; 199,701063611145
703,213353364483; 199,701063611145
703,213353364483; 199,701063611145
703,213353364483; 199,701063611145
703,213353364483; 199,701063611145
703,213353364483; 199,701063611145
703,213353364483; 199,701063611145
703,213353364483; 199,701063611145
703,213353364483; 199,701063611145
703,213353364483; 199,701063611145
703,213353364483; 199,701063611145
703,213353364483; 199,701063611145
703,213353364483; 199,701063611145
703,213353364483; 199,701063611145
703,213353364483; 199,701063611145
703,213353364483; 199,701063611145
703,213353364483; 199,701063611145
703,213353364483; 199,701063611145
703,213353364483; 199,701063611145
703,213353364483; 199,701063611145
703,213353364483; 199,701063611145
703,213353364483; 199,701063611145
703,213353364483; 199,701063611145
703,213353364483; 199,701063611145
703,213353364483; 199,701063611145
703,213353364483; 199,701063611145
703,213353364483; 199,701063611145
703,213353364483; 199,701063611145
703,213353364483; 199,701063611145
703,213353364483; 199,701063611145
703,213353364483; 199,701063611145
703,213353364483; 199,701063611145
703,213353364483; 199,701063611145
703,213353364483; 199,701063611145
703,213353364483; 199,701063611145
703,213353364483; 199,701063611145
703,213353364483; 199,701063611145
703,213353364483; 199,701063611145
703,213353364483; 199,701063611145
703,213353364483; 199,701063611145
703,213353364483; 199,701063611145
703,213353364483; 199,701063611145
703,213353364483; 199,701063611145
703,213353364483; 199,701063611145
703,213353364483; 199,701063611145
703,213353364483; 199,701063611145
703,213353364483; 199,701063611145
703,213353364483; 199,701063611145
703,213353364483; 199,701063611145
703,213353364483; 199,701063611145
703,213353364483; 199,701063611145
703,213353364483; 199,701063611145
703,213353364483; 199,701063611145
703,213353364483; 199,701063611145
703,213353364483; 199,701063611145
703,213353364483; 199,701063611145
703,213353364483; 199,701063611145
703,213353364483; 199,701063611145
703,213353364483; 199,701063611145
703,213353364483; 199,701063611145
703,213353364483; 199,701063611145
703,213353364483; 199,701063611145
703,213353364483; 199,701063611145
703,213353364483; 199,701063611145
703,213353364483; 199,701063611145
703,213353364483; 199,701063611145
703,213353364483; 199,701063611145
703,213353364483; 199,701063611145
703,213353364483; 199,701063611145
703,213353364483; 199,701063611145
703,213353364483; 199,701063611145
703,213353364483; 199,701063611145
703,213353364483; 199,701063611145
703,213353364483; 199,701063611145
703,213353364483; 199,701063611145
703,213353364483; 199,701063611145
703,213353364483; 199,701063611145
703,213353364483; 199,701063611145
703,213353364483; 199,701063611145
703,213353364483; 199,701063611145
703,213353364483; 199,701063611145
703,213353364483; 199,701063611145
703,213353364483; 199,701063611145
703,213353364483; 199,701063611145
703,213353364483; 199,701063611145
703,213353364483; 199,701063611145
703,213353364483; 199,701063611145
703,213353364483; 199,701063611145
703,213353364483; 199,701063611145
703,213353364483; 199,701063611145
703,213353364483; 199,701063611145
703,213353364483; 199,701063611145
703,213353364483; 199,701063611145
703,213353364483; 199,701063611145
703,213353364483; 199,701063611145
703,213353364483; 199,701063611145
703,213353364483; 199,701063611145
703,213353364483; 199,701063611145
703,213353364483; 199,701063611145
703,213353364483; 199,701063611145
703,213353364483; 199,701063611145
703,213353364483; 199,701063611145
703,213353364483; 199,701063611145
703,213353364483; 199,701063611145
703,213353364483; 199,701063611145
703,213353364483; 199,701063611145
703,213353364483; 199,701063611145
703,213353364483; 199,701063611145
703,213353364483; 199,701063611145
703,213353364483; 199,701063611145
703,213353364483; 199,701063611145
703,213353364483; 199,701063611145
703,213353364483; 199,701063611145
703,213353364483; 199,701063611145
703,213353364483; 199,701063611145
703,213353364483; 199,701063611145
703,213353364483; 199,701063611145
703,213353364483; 199,701063611145
703,213353364483; 199,701063611145
703,213353364483; 199,701063611145
703,213353364483; 199,701063611145
703,213353364483; 199,701063611145
703,213353364483; 199,701063611145
703,213353364483; 199,701063611145
703,213353364483; 199,701063611145
703,213353364483; 199,701063611145
703,213353364483; 199,701063611145
703,213353364483; 199,701063611145
703,213353364483; 199,701063611145
703,213353364483; 199,701063611145
703,213353364483; 199,701063611145
703,213353364483; 199,701063611145
703,213353364483; 199,701063611145
703,213353364483; 199,701063611145
703,213353364483; 199,701063611145
703,213353364483; 199,701063611145
703,213353364483; 199,701063611145
703,213353364483; 199,701063611145
703,213353364483; 199,701063611145
703,213353364483; 199,701063611145
703,213353364483; 199,701063611145
703,213353364483; 199,701063611145
703,213353364483; 199,701063611145
703,213353364483; 199,701063611145
703,213353364483; 199,701063611145
703,213353364483; 199,701063611145
703,213353364483; 199,701063611145
703,213353364483; 199,701063611145
703,213353364483; 199,701063611145
703,213353364483; 199,701063611145
703,213353364483; 199,701063611145
703,213353364483; 199,701063611145
703,213353364483; 199,701063611145
703,213353364483; 199,701063611145
703,213353364483; 199,701063611145
703,213353364483; 199,701063611145
703,213353364483; 199,701063611145
703,213353364483; 199,701063611145
703,213353364483; 199,701063611145
703,213353364483; 199,701063611145
703,213353364483; 199,701063611145
703,213353364483; 199,701063611145
703,213353364483; 199,701063611145
703,213353364483; 199,701063611145
703,213353364483; 199,701063611145
703,213353364483; 199,701063611145
703,213353364483; 199,701063611145
703,213353364483; 199,701063611145
703,213353364483; 199,701063611145
703,213353364483; 199,701063611145
703,213353364483; 199,701063611145
703,213353364483; 199,701063611145
703,213353364483; 199,701063611145
703,213353364483; 199,701063611145
703,213353364483; 199,701063611145
703,213353364483; 199,701063611145
703,213353364483; 199,701063611145
703,213353364483; 199,701063611145
703,213353364483; 199,701063611145
703,213353364483; 199,701063611145
703,213353364483; 199,701063611145
703,213353364483; 199,701063611145
703,213353364483; 199,701063611145
703,213353364483; 199,701063611145
703,213353364483; 199,701063611145
703,213353364483; 199,701063611145
703,213353364483; 199,701063611145
703,213353364483; 199,701063611145
703,213353364483; 199,701063611145
703,213353364483; 199,701063611145
703,213353364483; 199,701063611145
703,213353364483; 199,701063611145
703,213353364483; 199,701063611145
703,213353364483; 199,701063611145
703,213353364483; 199,701063611145
703,213353364483; 199,701063611145
703,213353364483; 199,701063611145
703,213353364483; 199,701063611145
703,213353364483; 199,701063611145
703,213353364483; 199,701063611145
703,213353364483; 199,701063611145
703,213353364483; 199,701063611145
703,213353364483; 199,701063611145
703,213353364483; 199,701063611145
703,213353364483; 199,701063611145
703,213353364483; 199,701063611145
703,213353364483; 199,701063611145
703,213353364483; 199,701063611145
703,213353364483; 199,701063611145
703,213353364483; 199,701063611145
703,213353364483; 199,701063611145
703,213353364483; 199,701063611145
703,213353364483; 199,701063611145
703,213353364483; 199,701063611145
703,213353364483; 199,701063611145
703,213353364483; 199,701063611145
703,213353364483; 199,701063611145
703,213353364483; 199,701063611145
703,213353364483; 199,701063611145
703,213353364483; 199,701063611145
703,213353364483; 199,701063611145
703,213353364483; 199,701063611145
703,213353364483; 199,701063611145
703,213353364483; 199,701063611145
703,213353364483; 199,701063611145
703,213353364483; 199,701063611145
703,213353364483; 199,701063611145
703,213353364483; 199,701063611145
703,213353364483; 199,701063611145
703,213353364483; 199,701063611145
703,213353364483; 199,701063611145
703,213353364483; 199,701063611145
703,213353364483; 199,701063611145
703,213353364483; 199,701063611145
703,213353364483; 199,701063611145
703,213353364483; 199,701063611145
703,213353364483; 199,701063611145
703,213353364483; 199,701063611145
703,213353364483; 199,701063611145
703,213353364483; 199,701063611145
703,213353364483; 199,701063611145
703,213353364483; 199,701063611145
703,213353364483; 199,701063611145
703,213353364483; 199,701063611145
703,213353364483; 199,701063611145
703,213353364483; 199,701063611145
703,213353364483; 199,701063611145
703,213353364483; 199,701063611145
703,213353364483; 199,701063611145
703,213353364483; 199,701063611145
703,213353364483; 199,701063611145
703,213353364483; 199,701063611145
703,213353364483; 199,701063611145
703,213353364483; 199,701063611145
703,213353364483; 199,701063611145
703,213353364483; 199,701063611145
703,213353364483; 199,701063611145
703,213353364483; 199,701063611145
703,213353364483; 199,701063611145
703,213353364483; 199,701063611145
703,213353364483; 199,701063611145
703,213353364483; 199,701063611145
703,213353364483; 199,701063611145
703,213353364483; 199,701063611145
703,213353364483; 199,701063611145
703,213353364483; 199,701063611145
703,213353364483; 199,701063611145
703,213353364483; 199,701063611145
703,213353364483; 199,701063611145
703,213353364483; 199,701063611145
703,213353364483; 199,701063611145
703,213353364483; 199,701063611145
703,213353364483; 199,701063611145
703,213353364483; 199,701063611145
703,213353364483; 199,701063611145
703,213353364483; 199,701063611145
703,213353364483; 199,701063611145
703,213353364483; 199,701063611145
703,213353364483; 199,701063611145
703,213353364483; 199,701063611145
703,213353364483; 199,701063611145
703,213353364483; 199,701063611145
703,213353364483; 199,701063611145
703,213353364483; 199,701063611145
703,213353364483; 199,701063611145
703,213353364483; 199,701063611145
703,213353364483; 199,701063611145
703,213353364483; 199,701063611145
703,213353364483; 199,701063611145
703,213353364483; 199,701063611145
703,213353364483; 199,701063611145
703,213353364483; 199,701063611145
703,213353364483; 199,701063611145
703,213353364483; 199,701063611145
703,213353364483; 199,701063611145
703,213353364483; 199,701063611145
703,213353364483; 199,701063611145
703,213353364483; 199,701063611145
703,213353364483; 199,701063611145
703,213353364483; 199,701063611145
703,213353364483; 199,701063611145
703,213353364483; 199,701063611145
703,213353364483; 199,701063611145
703,213353364483; 199,701063611145
703,213353364483; 199,701063611145
703,213353364483; 199,701063611145
703,213353364483; 199,701063611145
703,213353364483; 199,701063611145
703,213353364483; 199,701063611145
703,213353364483; 199,701063611145
703,213353364483; 199,701063611145
703,213353364483; 199,701063611145
703,213353364483; 199,701063611145
703,213353364483; 199,701063611145
703,213353364483; 199,701063611145
703,213353364483; 199,701063611145
703,213353364483; 199,701063611145
703,213353364483; 199,701063611145
703,213353364483; 199,701063611145
703,213353364483; 199,701063611145
703,213353364483; 199,701063611145
703,213353364483; 199,701063611145
703,213353364483; 199,701063611145
703,213353364483; 199,701063611145
703,213353364483; 199,701063611145
703,213353364483; 199,701063611145
703,213353364483; 199,701063611145
703,213353364483; 199,701063611145
703,213353364483; 199,701063611145
703,213353364483; 199,701063611145
703,213353364483; 199,701063611145
703,213353364483; 199,701063611145
703,213353364483; 199,701063611145
703,213353364483; 199,701063611145
703,213353364483; 199,701063611145
703,213353364483; 199,701063611145
703,213353364483; 199,701063611145
703,213353364483; 199,701063611145
703,213353364483; 199,701063611145
703,213353364483; 199,701063611145
703,213353364483; 199,701063611145
703,213353364483; 199,701063611145
703,213353364483; 199,701063611145
703,213353364483; 199,701063611145
703,213353364483; 199,701063611145
703,213353364483; 199,701063611145
703,213353364483; 199,701063611145
703,213353364483; 199,701063611145
703,213353364483; 199,701063611145
703,213353364483; 199,701063611145
703,213353364483; 199,701063611145
703,213353364483; 199,701063611145
703,213353364483; 199,701063611145
703,213353364483; 199,701063611145
703,213353364483; 199,701063611145
703,213353364483; 199,701063611145
703,213353364483; 199,701063611145
703,213353364483; 199,701063611145
703,213353364483; 199,701063611145
703,213353364483; 199,701063611145
703,213353364483; 199,701063611145
703,213353364483; 199,701063611145
703,213353364483; 199,701063611145
703,213353364483; 199,701063611145
703,213353364483; 199,701063611145
703,213353364483; 199,701063611145
703,213353364483; 199,701063611145
703,213353364483; 199,701063611145
703,213353364483; 199,701063611145
703,213353364483; 199,701063611145
703,213353364483; 199,701063611145
703,213353364483; 199,701063611145
703,213353364483; 199,701063611145
